{
  "Kristina Vogel": {
    "rank": 1,
    "gap": 0.1662528476859677,
    "sorted_rank": 0
  },
  "Stephanie Morton": {
    "rank": 1,
    "gap": 0.18036985086535218,
    "sorted_rank": 1
  },
  "Kelsey Mitchell": {
    "rank": 3,
    "gap": 0.24078682478207014,
    "sorted_rank": 2
  },
  "Lea Friedrich": {
    "rank": 4,
    "gap": 0.24519831536449388,
    "sorted_rank": 3
  },
  "Zhong Tianshi": {
    "rank": 5,
    "gap": 0.26611537836554433,
    "sorted_rank": 4
  },
  "Lee Wai Sze": {
    "rank": 5,
    "gap": 0.25027887153280304,
    "sorted_rank": 5
  },
  "Miriam Vece": {
    "rank": 5,
    "gap": 0.26179819931557446,
    "sorted_rank": 6
  },
  "Sophie Capewell": {
    "rank": 6,
    "gap": 0.27053449838190957,
    "sorted_rank": 7
  },
  "Mathilde Gros": {
    "rank": 6,
    "gap": 0.2446307038546074,
    "sorted_rank": 8
  },
  "Kaarle McCulloch": {
    "rank": 6,
    "gap": 0.24065460101568448,
    "sorted_rank": 9
  },
  "Daria Shmeleva": {
    "rank": 8,
    "gap": 0.25284675295976555,
    "sorted_rank": 10
  },
  "Lauriane Genest": {
    "rank": 8,
    "gap": 0.2902992953733694,
    "sorted_rank": 11
  },
  "Simona Krupeckait\u0117": {
    "rank": 8,
    "gap": 0.23960941998878482,
    "sorted_rank": 12
  },
  "Jessica Salazar": {
    "rank": 9,
    "gap": 0.30434547787138655,
    "sorted_rank": 13
  },
  "Anastasia Voynova": {
    "rank": 9,
    "gap": 0.2700195898521862,
    "sorted_rank": 14
  },
  "Pauline Grabosch": {
    "rank": 9,
    "gap": 0.2835365690681577,
    "sorted_rank": 15
  },
  "Emma Hinze": {
    "rank": 10,
    "gap": 0.308430878700122,
    "sorted_rank": 16
  },
  "Natasha Hansen": {
    "rank": 10,
    "gap": 0.2778299962332369,
    "sorted_rank": 17
  },
  "Laurine van Riessen": {
    "rank": 10,
    "gap": 0.28412410096429497,
    "sorted_rank": 18
  },
  "Katy Marchant": {
    "rank": 11,
    "gap": 0.28128531362985143,
    "sorted_rank": 19
  },
  "Shanne Braspennincx": {
    "rank": 11,
    "gap": 0.30645491585691786,
    "sorted_rank": 20
  },
  "Olena Starikova": {
    "rank": 12,
    "gap": 0.2973714115834909,
    "sorted_rank": 21
  },
  "Jessica Lee Hoi Yan": {
    "rank": 12,
    "gap": 0.24098200649549995,
    "sorted_rank": 22
  },
  "Olivia Podmore": {
    "rank": 12,
    "gap": 0.3178445188826764,
    "sorted_rank": 23
  },
  "Riyu Ohta": {
    "rank": 12,
    "gap": 0.3272098992315904,
    "sorted_rank": 24
  },
  "Sarah Orban": {
    "rank": 13,
    "gap": 0.33209274797103916,
    "sorted_rank": 25
  },
  "Daniela Gaxiola": {
    "rank": 13,
    "gap": 0.3209674623853047,
    "sorted_rank": 26
  },
  "Migl\u0117 Marozait\u0117": {
    "rank": 14,
    "gap": 0.2603518859049281,
    "sorted_rank": 27
  },
  "Miriam Welte": {
    "rank": 14,
    "gap": 0.3235754092361347,
    "sorted_rank": 28
  },
  "Yuka Kobayashi": {
    "rank": 14,
    "gap": 0.30800914238965404,
    "sorted_rank": 29
  },
  "Madalyn Godby": {
    "rank": 15,
    "gap": 0.2904274242345828,
    "sorted_rank": 30
  },
  "Martha Bayona": {
    "rank": 16,
    "gap": 0.29080437665221837,
    "sorted_rank": 31
  },
  "Hetty van de Wouw": {
    "rank": 16,
    "gap": 0.33898477740410016,
    "sorted_rank": 32
  },
  "Holly Takos": {
    "rank": 16,
    "gap": 0.3258108859367219,
    "sorted_rank": 33
  },
  "Ekaterina Rogovaya": {
    "rank": 16,
    "gap": 0.3442747334279126,
    "sorted_rank": 34
  },
  "Tania Calvo": {
    "rank": 16,
    "gap": 0.270899934376974,
    "sorted_rank": 35
  },
  "Kate O'Brien": {
    "rank": 17,
    "gap": 0.3317629614987716,
    "sorted_rank": 36
  },
  "Lin Junhong": {
    "rank": 17,
    "gap": 0.24294445230896855,
    "sorted_rank": 37
  },
  "Lyubov Basova": {
    "rank": 18,
    "gap": 0.2723076447724928,
    "sorted_rank": 38
  },
  "Lee Hye-jin": {
    "rank": 18,
    "gap": 0.22580870254263985,
    "sorted_rank": 39
  },
  "Mandy Marquardt": {
    "rank": 19,
    "gap": 0.30411592737249293,
    "sorted_rank": 40
  },
  "Nicky Degrendele": {
    "rank": 20,
    "gap": 0.2282854470986848,
    "sorted_rank": 41
  },
  "Natalia Antonova": {
    "rank": 20,
    "gap": 0.3431691834213595,
    "sorted_rank": 42
  },
  "Emma Cumming": {
    "rank": 21,
    "gap": 0.3421034947942019,
    "sorted_rank": 43
  },
  "Marlena Karwacka": {
    "rank": 22,
    "gap": 0.34903246930949194,
    "sorted_rank": 44
  },
  "Amelia Walsh": {
    "rank": 22,
    "gap": 0.3408965690051673,
    "sorted_rank": 45
  },
  "Guo Yufang": {
    "rank": 23,
    "gap": 0.3443665523908379,
    "sorted_rank": 46
  },
  "Charlene du Preez": {
    "rank": 23,
    "gap": 0.34258219166498804,
    "sorted_rank": 47
  },
  "Kayono Maeda": {
    "rank": 24,
    "gap": 0.33904186627394495,
    "sorted_rank": 48
  },
  "Julita Jagodzi\u0144ska": {
    "rank": 24,
    "gap": 0.33947100596275703,
    "sorted_rank": 49
  },
  "Yuli Verdugo": {
    "rank": 25,
    "gap": 0.3355780543154978,
    "sorted_rank": 50
  },
  "Kim Won-gyeong": {
    "rank": 26,
    "gap": 0.3182482012467176,
    "sorted_rank": 51
  },
  "Juliana Gaviria": {
    "rank": 26,
    "gap": 0.3297969599367434,
    "sorted_rank": 52
  },
  "Robyn Stewart": {
    "rank": 26,
    "gap": 0.10849918237020972,
    "sorted_rank": 53
  },
  "Li Yin Yin": {
    "rank": 28,
    "gap": 0.3323061832526193,
    "sorted_rank": 54
  },
  "Helena Casas": {
    "rank": 29,
    "gap": 0.3177751651579186,
    "sorted_rank": 55
  },
  "Deborah Herold": {
    "rank": 30,
    "gap": 0.3101555294150842,
    "sorted_rank": 56
  },
  "Ma Wing Yu": {
    "rank": 34,
    "gap": 0.1410193162642983,
    "sorted_rank": 57
  }
}