{
  "villamayor sergio": {
    "fencing": [
      0.6,
      0.46153846153846156,
      0.4482758620689655,
      0.7096774193548387
    ],
    "swiming": [
      136.99,
      133.94,
      137.35,
      134.82
    ],
    "riding": [
      284
    ],
    "laser-run": [
      695.1,
      731.4,
      709.08,
      647.75
    ],
    "nation": "ARG"
  },
  "fernon edward": {
    "fencing": [
      0.5161290322580645
    ],
    "swiming": [
      138.38
    ],
    "riding": [
      300
    ],
    "laser-run": [
      679.77
    ],
    "nation": "AUS"
  },
  "gustenau gustav": {
    "fencing": [
      0.43333333333333335,
      0.41935483870967744,
      0.6153846153846154,
      0.45714285714285713,
      0.5862068965517241,
      0.42857142857142855,
      0.5517241379310345
    ],
    "swiming": [
      121.33,
      123.5,
      120.67,
      120.48,
      123.0,
      124.89,
      117.16
    ],
    "riding": [
      282,
      298
    ],
    "laser-run": [
      692.75,
      693.9,
      735.05,
      722.25,
      689.3,
      684.84,
      722.22
    ],
    "nation": "AUT"
  },
  "palazkov ilya": {
    "fencing": [
      0.6666666666666666,
      0.7714285714285715,
      0.625,
      0.7142857142857143,
      0.6538461538461539,
      0.6857142857142857,
      0.5714285714285714,
      0.6333333333333333,
      0.5714285714285714,
      0.6285714285714286
    ],
    "swiming": [
      128.76,
      126.73,
      128.29,
      125.99,
      130.15,
      125.34,
      126.27,
      127.83,
      121.29,
      121.61
    ],
    "riding": [
      293,
      293,
      286,
      286,
      279
    ],
    "laser-run": [
      713.8,
      725.4,
      714.35,
      689.5,
      730.7,
      718.2,
      677.49,
      708.8,
      696.87,
      679.91
    ],
    "nation": "BLR"
  },
  "bustos esteban": {
    "fencing": [
      0.7,
      0.3142857142857143,
      0.45161290322580644,
      0.5,
      0.7096774193548387
    ],
    "swiming": [
      129.65,
      129.52,
      130.33,
      129.13,
      129.03
    ],
    "riding": [
      285,
      300
    ],
    "laser-run": [
      702.1,
      690.95,
      697.3,
      657.5
    ],
    "nation": "CHI"
  },
  "li shuhuan": {
    "fencing": [
      0.5666666666666667,
      0.5142857142857142,
      0.5483870967741935,
      0.34615384615384615,
      0.3142857142857143,
      0.4,
      0.5483870967741935,
      0.42857142857142855
    ],
    "swiming": [
      131.66,
      132.45,
      132.6,
      132.55,
      133.63,
      132.65,
      132.5,
      128.39
    ],
    "riding": [
      286,
      292,
      279
    ],
    "laser-run": [
      674.55,
      679.6,
      686.75,
      693.95,
      636.27,
      632.7,
      626.96,
      673.22
    ],
    "nation": "CHN"
  },
  "luo shuai": {
    "fencing": [
      0.6333333333333333,
      0.4,
      0.5806451612903226,
      0.5428571428571428,
      0.5428571428571428,
      0.4827586206896552,
      0.45714285714285713,
      0.8064516129032258,
      0.4482758620689655,
      0.42857142857142855
    ],
    "swiming": [
      132.13,
      132.66,
      130.64,
      132.83,
      130.25,
      129.99,
      132.15,
      132.06,
      126.44,
      129.27
    ],
    "riding": [
      279,
      293,
      300,
      286,
      286,
      291
    ],
    "laser-run": [
      700.15,
      697.75,
      683.7,
      645.25,
      634.61,
      636.6,
      637.25,
      640.37,
      666.1,
      647.23
    ],
    "nation": "CHN"
  },
  "ders lester": {
    "fencing": [
      0.3448275862068966,
      0.3225806451612903,
      0.6129032258064516,
      0.32142857142857145
    ],
    "swiming": [
      128.85,
      127.35,
      124.66,
      120.33
    ],
    "riding": [
      279
    ],
    "laser-run": [
      667.2,
      695.15,
      647.75,
      724.82
    ],
    "nation": "CUB"
  },
  "kuf jan": {
    "fencing": [
      0.6896551724137931,
      0.45714285714285713,
      0.5806451612903226,
      0.4857142857142857,
      0.5384615384615384,
      0.5714285714285714,
      0.5428571428571428,
      0.4642857142857143
    ],
    "swiming": [
      131.55,
      129.59,
      129.97,
      130.01,
      127.42,
      128.76,
      127.61,
      120.85
    ],
    "riding": [
      298,
      277,
      290,
      268
    ],
    "laser-run": [
      706.25,
      696.7,
      691.8,
      686.2,
      710.35,
      710.8,
      635.2,
      741.41
    ],
    "nation": "CZE"
  },
  "vlach martin": {
    "fencing": [
      0.4375,
      0.4,
      0.36666666666666664,
      0.34285714285714286,
      0.5357142857142857,
      0.34285714285714286
    ],
    "swiming": [
      129.66,
      130.63,
      131.16,
      131.25,
      124.97,
      126.26
    ],
    "riding": [
      293,
      279,
      270
    ],
    "laser-run": [
      667.5,
      624.85,
      615.73,
      623.54,
      683.63,
      628.29
    ],
    "nation": "CZE"
  },
  "elgendy ahmed": {
    "fencing": [
      0.4838709677419355,
      0.5769230769230769,
      0.45714285714285713,
      0.42857142857142855,
      0.5862068965517241,
      0.37142857142857144,
      0.5357142857142857,
      0.2857142857142857
    ],
    "swiming": [
      123.19,
      122.59,
      122.68,
      123.46,
      122.63,
      124.22,
      117.87,
      120.63
    ],
    "riding": [
      292,
      272,
      300,
      286
    ],
    "laser-run": [
      699.9,
      728.8,
      672.4,
      621.73,
      672.1,
      649.3,
      693.31,
      641.8
    ],
    "nation": "EGY"
  },
  "hamed ahmed": {
    "fencing": [
      0.6206896551724138,
      0.37142857142857144,
      0.7096774193548387,
      0.45714285714285713,
      0.5,
      0.6,
      0.5714285714285714,
      0.3448275862068966
    ],
    "swiming": [
      134.99,
      134.71,
      136.07999999999998,
      134.46,
      132.04,
      133.05,
      133.29,
      131.27
    ],
    "riding": [
      287,
      293,
      297,
      300
    ],
    "laser-run": [
      680.75,
      705.0,
      649.45,
      698.6,
      690.38,
      644.74,
      684.44
    ],
    "nation": "EGY"
  },
  "heredia vives aleix": {
    "fencing": [
      0.5666666666666667,
      0.5,
      0.6857142857142857,
      0.5714285714285714,
      0.8333333333333334,
      0.5428571428571428,
      0.5714285714285714
    ],
    "swiming": [
      139.35,
      138.61,
      134.38,
      134.47,
      136.31,
      135.83,
      138.06,
      130.34
    ],
    "riding": [
      287,
      293,
      293
    ],
    "laser-run": [
      691.75,
      725.25,
      650.84,
      695.0,
      665.0,
      712.29
    ],
    "nation": "ESP"
  },
  "belaud valentin": {
    "fencing": [
      0.7307692307692307,
      0.6,
      0.5428571428571428,
      0.5517241379310345,
      0.6571428571428571,
      0.6896551724137931,
      0.6571428571428571
    ],
    "swiming": [
      128.38,
      127.59,
      128.05,
      128.66,
      129.79,
      124.6,
      123.97
    ],
    "riding": [
      298,
      300,
      293,
      300
    ],
    "laser-run": [
      751.7,
      715.75,
      638.57,
      657.4,
      676.0,
      718.13,
      675.25
    ],
    "nation": "FRA"
  },
  "prades valentin": {
    "fencing": [
      0.5806451612903226,
      0.5714285714285714,
      0.5,
      0.45714285714285713,
      0.6571428571428571,
      0.6206896551724138,
      0.6285714285714286,
      0.6785714285714286,
      0.5142857142857142
    ],
    "swiming": [
      127.24,
      126.89,
      128.58,
      129.83,
      127.36,
      128.29,
      128.13,
      123.65,
      125.16
    ],
    "riding": [
      286,
      291,
      300,
      215,
      286
    ],
    "laser-run": [
      696.0,
      672.65,
      701.35,
      693.6,
      655.4,
      686.1,
      639.25,
      722.07,
      660.66
    ],
    "nation": "FRA"
  },