{
  "palazkov ilya": {
    "rank": 1.1334,
    "gap": 0.13251855769608412,
    "sorted_rank": 0,
    "nation": "BLR"
  },
  "luo shuai": {
    "rank": 3.5182,
    "gap": 0.17444027874453205,
    "sorted_rank": 1,
    "nation": "CHN"
  },
  "choong joseph": {
    "rank": 3.6256000000000004,
    "gap": 0.16663722867944664,
    "sorted_rank": 2,
    "nation": "GBR"
  },
  "elgendy ahmed": {
    "rank": 4.150499999999999,
    "gap": 0.18697992802432317,
    "sorted_rank": 3,
    "nation": "EGY"
  },
  "gustenau gustav": {
    "rank": 4.8740000000000006,
    "gap": 0.16230866568313473,
    "sorted_rank": 4,
    "nation": "AUT"
  },
  "vlach martin": {
    "rank": 5.181699999999999,
    "gap": 0.1747466736143366,
    "sorted_rank": 5,
    "nation": "CZE"
  },
  "belaud valentin": {
    "rank": 5.293699999999999,
    "gap": 0.2005699829149048,
    "sorted_rank": 6,
    "nation": "FRA"
  },
  "prades valentin": {
    "rank": 5.6501,
    "gap": 0.16891419002182317,
    "sorted_rank": 7,
    "nation": "FRA"
  },
  "bustos esteban": {
    "rank": 6.8050999999999995,
    "gap": 0.19317843238797394,
    "sorted_rank": 8,
    "nation": "CHI"
  },
  "fernandez charles": {
    "rank": 7.421200000000001,
    "gap": 0.18375230065882242,
    "sorted_rank": 9,
    "nation": "GUA"
  },
  "marosi adam": {
    "rank": 7.5692,
    "gap": 0.19730371982502604,
    "sorted_rank": 10,
    "nation": "HUN"
  },
  "cooke james": {
    "rank": 7.8812,
    "gap": 0.19848713802346118,
    "sorted_rank": 11,
    "nation": "GBR"
  },
  "li shuhuan": {
    "rank": 8.0776,
    "gap": 0.18528320968034429,
    "sorted_rank": 12,
    "nation": "CHN"
  },
  "jun woongtae": {
    "rank": 8.2147,
    "gap": 0.17981918790224505,
    "sorted_rank": 13,
    "nation": "KOR"
  },
  "dogue patrick": {
    "rank": 8.7996,
    "gap": 0.17356946342891177,
    "sorted_rank": 14,
    "nation": "GER"
  },
  "kuf jan": {
    "rank": 8.9239,
    "gap": 0.18398294760352663,
    "sorted_rank": 15,
    "nation": "CZE"
  },
  "liebig fabian": {
    "rank": 9.694600000000001,
    "gap": 0.21394449041293484,
    "sorted_rank": 16,
    "nation": "GER"
  },
  "villamayor sergio": {
    "rank": 10.2427,
    "gap": 0.20719853077546446,
    "sorted_rank": 17,
    "nation": "ARG"
  },
  "ders lester": {
    "rank": 10.312899999999999,
    "gap": 0.2065026135018293,
    "sorted_rank": 18,
    "nation": "CUB"
  },
  "kasza robert": {
    "rank": 10.473700000000001,
    "gap": 0.19430186286637863,
    "sorted_rank": 19,
    "nation": "HUN"
  },
  "jung jinhwa": {
    "rank": 11.025200000000002,
    "gap": 0.195063239009297,
    "sorted_rank": 20,
    "nation": "KOR"
  },
  "fernon edward": {
    "rank": 11.311,
    "gap": 0.12844804608272042,
    "sorted_rank": 21,
    "nation": "AUS"
  },
  "hamed ahmed": {
    "rank": 11.469000000000001,
    "gap": 0.18526128699435773,
    "sorted_rank": 22,
    "nation": "EGY"
  },
  "heredia vives aleix": {
    "rank": 11.802600000000002,
    "gap": 0.1907628391700058,
    "sorted_rank": 23,
    "nation": "ESP"
  },
  "ilyashenko pavel": {
    "rank": 12.537299999999998,
    "gap": 0.17492594044416165,
    "sorted_rank": 24,
    "nation": "KAZ"
  },
  "iwamoto shohei": {
    "rank": 13.392700000000001,
    "gap": 0.2421139340349292,
    "sorted_rank": 25,
    "nation": "JPN"
  },
  "lifanov alexander": {
    "rank": 14.242899999999999,
    "gap": 0.19827465426097035,
    "sorted_rank": 26,
    "nation": "ROC"
  },
  "kinderis justinas": {
    "rank": 14.8919,
    "gap": 0.16948033189787282,
    "sorted_rank": 27,
    "nation": "LTU"
  },
  "svecovs pavels": {
    "rank": 15.659400000000002,
    "gap": 0.21353102999712803,
    "sorted_rank": 28,
    "nation": "LAT"
  },
  "gutkowski lukasz": {
    "rank": 16.2187,
    "gap": 0.16608382773995345,
    "sorted_rank": 29,
    "nation": "POL"
  },
  "stasiak sebastian": {
    "rank": 16.8461,
    "gap": 0.14901371330832802,
    "sorted_rank": 30,
    "nation": "POL"
  },
  "carrillo duilio": {
    "rank": 17.2268,
    "gap": 0.16699007273379607,
    "sorted_rank": 31,
    "nation": "MEX"
  },
  "tymoshchenko pavlo": {
    "rank": 17.4083,
    "gap": 0.13861213854372778,
    "sorted_rank": 32,
    "nation": "UKR"
  },
  "sandoval alvaro": {
    "rank": 18.3676,
    "gap": 0.12334484443934457,
    "sorted_rank": 33,
    "nation": "MEX"
  },
  "elgeziry amro": {
    "rank": 18.4944,
    "gap": 0.160433902373196,
    "sorted_rank": 34,
    "nation": "USA"
  },
  "savkin alexander": {
    "rank": 19.2625,
    "gap": 0.14352549597901287,
    "sorted_rank": 35,
    "nation": "UZB"
  }
}